keyword,keywordType,avgSentiment,totalRT,totalFav,totalPop,topTweet,topRT,topFav,topPop,company,date
win,OTHER,0.002072968,155718,28413,111061,RT amazongames: Follow &amp; RT to enter for a chance to win a skinned #ESO Xbox One or PS4! #AmazonSweeps http://t.co/Cv2XauGZt0 http://t.co/�,10785,1728,7615,Amazon,27/05/2015
#AmazonSweeps,HASHTAG,1.09E-04,77967,10330,54275,RT amazongames: Follow &amp; RT to enter for a chance to win a skinned #ESO Xbox One or PS4! #AmazonSweeps http://t.co/Cv2XauGZt0 http://t.co/�,10785,1728,7615,Amazon,27/05/2015
@amazongames,USERNAME,7.09E-06,56850,11628,41001,RT amazongames: Follow &amp; RT to enter for a chance to win a skinned #ESO Xbox One or PS4! #AmazonSweeps http://t.co/Cv2XauGZt0 http://t.co/�,10785,1728,7615,Amazon,27/05/2015
#AmazonGiveaway,HASHTAG,0.001824723,28102,9222,21435,RT Amazon3PSellers: RT + Follow for a chance to win a SoundBlock Wireless Speaker NoPurchNec #AmazonGiveaway Rules:http://t.co/ASgnloi2K9 �,2263,280,1568,Amazon,16/12/2014
@Amazon,USERNAME,1.79E-05,28531,5798,20560,RT FallonTonight: Win from home! Five fans can win Bose speakers from Amazon by replying to us and using #FallonStockingSweeps! #FallonT�,1951,706,1515,Amazon,22/12/2014
@Amazon3PSellers,USERNAME,2.79E-10,26717,4268,18842,RT Amazon3PSellers: RT + Follow for a chance to win a SoundBlock Wireless Speaker NoPurchNec #AmazonGiveaway Rules:http://t.co/ASgnloi2K9 �,2263,280,1568,Amazon,24/06/2015
#PS4,HASHTAG,0.009287143,23207,3069,16156,RT amazongames: Follow &amp; RT for a chance to win a #PS4 or #XboxOne bundle! #AmazonSweeps #12DaysOfGiveaways http://t.co/148D86kSW6 http://�,9352,1387,6564,Amazon,3/2/2015
#12DaysOfGiveaways,HASHTAG,0.019011256,21867,2926,15234,RT amazongames: Follow &amp; RT for a chance to win a #PS4 or #XboxOne bundle! #AmazonSweeps #12DaysOfGiveaways http://t.co/148D86kSW6 http://�,9352,1387,6564,Amazon,19/02/2015
#XboxOne,HASHTAG,0.090464324,21053,2727,14637,RT amazongames: Follow &amp; RT for a chance to win a #PS4 or #XboxOne bundle! #AmazonSweeps #12DaysOfGiveaways http://t.co/148D86kSW6 http://�,9352,1387,6564,Amazon,3/2/2015
Amazon.com,OTHER,2.83E-05,8356,19267,12116,RT ActuallyNPH: My birthday is Monday so today is your last day to get free shipping with Amazon Prime. Please plan and shop accordingly.�,1185,7943,3550,Amazon,22/12/2014
@amazon,USERNAME,1.88E-16,15332,5771,11947,Follow amazon and retweet for a chance to win http://t.co/76HUOSZq7m   Rules http://t.co/4z05LXiZ6C #AmazonSweeps http://t.co/Zv0Ygchk50,2598,267,1782,Amazon,21/12/2014
@amazon_movies,USERNAME,0,13289,1899,9295,RT amazon_movies: Followers who RT have a shot 2 win this http://t.co/IY9PebiWuV! NoPurchNec http://t.co/5vE7Ch83EF #giveaway http://t.co/�,2242,260,1548,Amazon,3/6/2015
#giveaway,HASHTAG,0.07648307,13067,1629,9060,RT amazon_movies: Followers who RT have a shot 2 win this http://t.co/IY9PebiWuV! NoPurchNec http://t.co/5vE7Ch83EF #giveaway http://t.co/�,2242,260,1548,Amazon,15/12/2014
#ESO,HASHTAG,0.88310349,10785,1728,7615,RT amazongames: Follow &amp; RT to enter for a chance to win a skinned #ESO Xbox One or PS4! #AmazonSweeps http://t.co/Cv2XauGZt0 http://t.co/�,10785,1728,7615,Amazon,27/05/2015
http://t.co/Cv2XauGZt0,LINK,0,10785,1728,7615,RT amazongames: Follow &amp; RT to enter for a chance to win a skinned #ESO Xbox One or PS4! #AmazonSweeps http://t.co/Cv2XauGZt0 http://t.co/�,10785,1728,7615,Amazon,13/06/2015
http�,LINK,-7.04E-06,8914,2082,6516,RT amazongames: Remember #E3 2002? Follow &amp; RT for a chance to win a WaveBird. WiiU compatible! #CountdownToE3 http://t.co/ho17SI4FMy http�,2549,376,1788,Amazon,2/6/2015
#CandyBracket,HASHTAG,9.62E-04,5343,4506,5041,Twix is in it for the win! RT for a chance to win this #CandyBracket #AmazonSweeps Rules: https://t.co/roi2BWGHav http://t.co/9YIEOHSKV6,997,143,698,Amazon,6/12/2014
@Rem4Men,USERNAME,0.047221506,6310,732,4354,RT for a chance to win from Rem4Men http://t.co/nFaMN8n8tx NoPurchNec #AmazonGiveaway Rules:https://t.co/5OSeGt0b3F http://t.co/qbADuBxdBR,1238,143,854,Amazon,24/04/2015
sweet,OTHER,0.072347918,5827,1059,4155,RT amazongames: Follow &amp; RT for a chance to win a sweet gaming headset from turtlebeach. #12DaysOfGiveaways http://t.co/PapkqENpmW http:/�,3362,422,2332,Amazon,22/12/2014
#CountdownToE3,HASHTAG,0,5641,784,3940,RT amazongames: Remember #E3 2003? Follow &amp; RT for a chance to win a PlayStation Portable. #CountdownToE3 http://t.co/ho17SHN4V0 http://t.�,3092,408,2152,Amazon,13/06/2015
@jackeryinc,USERNAME,0.070013212,5551,812,3890,RT Amazon3PSellers: RT + Follow for a chance to win this bundle from jackeryinc! NoPurchNec #AmazonSweeps Rules: http://t.co/16cDbC25A2 h�,1521,219,1065,Amazon,9/12/2014
last day,OTHER,0.016156953,1380,8138,3743,RT ActuallyNPH: My birthday is Monday so today is your last day to get free shipping with Amazon Prime. Please plan and shop accordingly.�,1185,7943,3550,Amazon,14/01/2015
@ActuallyNPH,USERNAME,0.0377695,1193,8043,3590,RT ActuallyNPH: My birthday is Monday so today is your last day to get free shipping with Amazon Prime. Please plan and shop accordingly.�,1185,7943,3550,Amazon,21/12/2014
free shipping,OTHER,0.075539,1185,7943,3550,RT ActuallyNPH: My birthday is Monday so today is your last day to get free shipping with Amazon Prime. Please plan and shop accordingly.�,1185,7943,3550,Amazon,19/02/2015
#12DaysofGiveaways,HASHTAG,0.06761016,5050,614,3496,RT amazongames: Follow &amp; RT for a chance to win dragonage Inquisition for #PS4 or #XboxOne #12DaysofGiveaways http://t.co/TTxlAqMmwo http�,2605,285,1792,Amazon,24/02/2015
@AmazonVideo,USERNAME,4.60E-09,3041,4193,3426,RT Avengers: Get your #Avengers fix thanks to AmazonVideo! Watch: http://t.co/Go02nI4ABM,243,583,362,Amazon,27/05/2015
@AnkerOfficial,USERNAME,0.478347724,4469,563,3101,RT Amazon3PSellers: RT + Follow for a chance to win this AnkerOfficial Charger! NoPurchNec #AmazonGiveaway Rules: http://t.co/R334k9RBQI �,1518,210,1060,Amazon,13/05/2015
htt�,OTHER,0.05631306,3968,1111,2964,RT amazon_movies: Followers who RT have a shot 2 win this http://t.co/tTepUyqlg5 NoPurchNec http://t.co/8JglzS8hsq #giveaway #MachoMan htt�,1975,399,1423,Amazon,15/12/2014
#100Books,HASHTAG,1.36E-08,2114,4189,2800,March is National Reading Month and we're going to celebrate by sharing 100 Books to Read in a Lifetime. #100Books,165,220,184,Amazon,27/05/2015
https://t.co/8F2M9LyT8e,LINK,0,3780,371,2586,Follow Amazon and Retweet for a chance to win http://t.co/GlmsyBtzNK #AmazonSweeps Rules https://t.co/8F2M9LyT8e http://t.co/w7cSOhvNcK,1983,206,1361,Amazon,18/02/2015
sweet gaming headset,OTHER,0.49000001,3362,422,2332,RT amazongames: Follow &amp; RT for a chance to win a sweet gaming headset from turtlebeach. #12DaysOfGiveaways http://t.co/PapkqENpmW http:/�,3362,422,2332,Amazon,19/02/2015
@turtlebeach,USERNAME,0.465775877,3362,422,2332,RT amazongames: Follow &amp; RT for a chance to win a sweet gaming headset from turtlebeach. #12DaysOfGiveaways http://t.co/PapkqENpmW http:/�,3362,422,2332,Amazon,26/01/2015
http://t.co/PapkqENpmW,LINK,0,3362,422,2332,RT amazongames: Follow &amp; RT for a chance to win a sweet gaming headset from turtlebeach. #12DaysOfGiveaways http://t.co/PapkqENpmW http:/�,3362,422,2332,Amazon,5/3/2015
http://t.co/EAchj7bkMn,LINK,0,3260,378,2250,Follow amazon and retweet for a chance to win http://t.co/XGL0joMUmR Rules http://t.co/EAchj7bkMn #AmazonSweeps http://t.co/qildCtw2Nx,1135,128,782,Amazon,17/06/2015
http://t.co/ho17SHN4V0,LINK,0,3092,408,2152,RT amazongames: Remember #E3 2003? Follow &amp; RT for a chance to win a PlayStation Portable. #CountdownToE3 http://t.co/ho17SHN4V0 http://t.�,3092,408,2152,Amazon,22/03/2015
favorite,OTHER,0.031672209,2196,1614,1982,Who are you picking in this #CandyBracket semi-finals showdown? RT for Twix favorite for 3 Musketeers http://t.co/jutoo55FX9,249,172,222,Amazon,15/12/2014
@AmazonKindle,USERNAME,2.28E-05,1860,2214,1971,RT AmazonKindle: Celebrate National Reading Month with $20 off Kindle: http://t.co/EHCZvRvXSB  Limited-time only. http://t.co/0wUOb9YqgG,486,372,446,Amazon,3/6/2015
Inquisition,OTHER,-0.564666659,2628,314,1817,RT amazongames: Follow &amp; RT for a chance to win dragonage Inquisition for #PS4 or #XboxOne #12DaysofGiveaways http://t.co/TTxlAqMmwo http�,2605,285,1792,Amazon,3/12/2014
@Money23Green,USERNAME,0.668378741,2597,373,1817,RT Amazon3PSellers: Follow + RT for a chance to win: jackeryinc signed by Money23Green http://t.co/yJq3SSgmj7http://t.co/dfkBlXi8wO ht�,1316,176,916,Amazon,13/06/2015
special edition,OTHER,0.680480987,2562,394,1802,RT Amazon3PSellers: Follow + RT for a chance to win a Money23Green special edition jackeryinc!http://t.co/j8CKCtzkCD#AmazonSweeps http�,1281,197,901,Amazon,21/12/2014
#NBA2K15,HASHTAG,0.320961033,1876,1659,1798,RT NBA2K: #NBA2K15 is partnering with amazongames for a 35-hour sale at $35 in honor of 35's return. #YourTimeHasCome KDTrey5 http://t.c�,1656,1286,1526,Amazon,5/3/2015
@NBA2K,USERNAME,0,1876,1659,1798,RT NBA2K: #NBA2K15 is partnering with amazongames for a 35-hour sale at $35 in honor of 35's return. #YourTimeHasCome KDTrey5 http://t.c�,1656,1286,1526,Amazon,8/5/2015
Happy,OTHER,0.062764075,1635,2106,1793,Happy #NationalDrinkWineDay! What color is in your glass? http://t.co/RuyQX8MEBX,419,268,366,Amazon,28/05/2015
@dragonage,USERNAME,-0.035890788,2605,285,1792,RT amazongames: Follow &amp; RT for a chance to win dragonage Inquisition for #PS4 or #XboxOne #12DaysofGiveaways http://t.co/TTxlAqMmwo http�,2605,285,1792,Amazon,3/12/2014
http://t.co/ho17SI4FMy,LINK,0,2549,376,1788,RT amazongames: Remember #E3 2002? Follow &amp; RT for a chance to win a WaveBird. WiiU compatible! #CountdownToE3 http://t.co/ho17SI4FMy http�,2549,376,1788,Amazon,19/12/2014
WaveBird,OTHER,0.441551745,2549,376,1788,RT amazongames: Remember #E3 2002? Follow &amp; RT for a chance to win a WaveBird. WiiU compatible! #CountdownToE3 http://t.co/ho17SI4FMy http�,2549,376,1788,Amazon,24/12/2014
http://t.co/76HUOSZq7m,LINK,0,2598,267,1782,Follow amazon and retweet for a chance to win http://t.co/76HUOSZq7m   Rules http://t.co/4z05LXiZ6C #AmazonSweeps http://t.co/Zv0Ygchk50,2598,267,1782,Amazon,3/12/2014
http://t.co/4z05LXiZ6C,LINK,0,2598,267,1782,Follow amazon and retweet for a chance to win http://t.co/76HUOSZq7m   Rules http://t.co/4z05LXiZ6C #AmazonSweeps http://t.co/Zv0Ygchk50,2598,267,1782,Amazon,18/12/2014
http://t.co/Zv0Ygchk50,LINK,0,2598,267,1782,Follow amazon and retweet for a chance to win http://t.co/76HUOSZq7m   Rules http://t.co/4z05LXiZ6C #AmazonSweeps http://t.co/Zv0Ygchk50,2598,267,1782,Amazon,12/12/2014
@Plugable,USERNAME,0.551939681,2525,367,1769,RT Amazon3PSellers: RT + Follow for a chance to win a Plugable 3-Port Charger Cup NoPurchNec #AmazonSweeps Rules:http://t.co/4UVrgTNcNl h�,1389,209,976,Amazon,3/12/2014
#ShadowofMordor,HASHTAG,0.220775873,2532,309,1753,RT amazongames: Follow &amp; RT for a chance to win middleearthgame #ShadowofMordor for #PS4 or #XboxOne. http://t.co/TVhf0jnFtN http://t.co/�,2512,290,1734,Amazon,15/12/2014
@middleearthgame,USERNAME,0.441551745,2512,290,1734,RT amazongames: Follow &amp; RT for a chance to win middleearthgame #ShadowofMordor for #PS4 or #XboxOne. http://t.co/TVhf0jnFtN http://t.co/�,2512,290,1734,Amazon,14/01/2015
http://t.co/EAchj6TJnN,LINK,0,2499,293,1726,Follow amazon and retweet for a chance to win http://t.co/b5vtgT1sIJ  Rules http://t.co/EAchj6TJnN #AmazonSweeps http://t.co/mavct6AFis,1424,185,990,Amazon,18/12/2014
#FarCry4,HASHTAG,0.441551745,2401,284,1660,RT amazongames: More #12DaysOfGiveaways! Follow &amp; RT for a chance to win #FarCry4 for #PS4 or #XboxOne. http://t.co/5Z2q2W2rM1 http://t.co�,2401,284,1660,Amazon,8/12/2014
#WiiU,HASHTAG,0.441551745,2383,275,1645,RT amazongames: Day 4 of #12DaysofGiveaways:Follow &amp; RT for a chance to win #SuperSmashBros for #WiiU. http://t.co/gwhVLBIXQp http://t.co�,2383,275,1645,Amazon,12/12/2014
#SuperSmashBros,HASHTAG,0.441551745,2383,275,1645,RT amazongames: Day 4 of #12DaysofGiveaways:Follow &amp; RT for a chance to win #SuperSmashBros for #WiiU. http://t.co/gwhVLBIXQp http://t.co�,2383,275,1645,Amazon,8/12/2014
http://t.co/gwhVLBIXQp,LINK,0,2383,275,1645,RT amazongames: Day 4 of #12DaysofGiveaways:Follow &amp; RT for a chance to win #SuperSmashBros for #WiiU. http://t.co/gwhVLBIXQp http://t.co�,2383,275,1645,Amazon,24/06/2015
@Halo,USERNAME,0.441551745,2393,250,1642,RT amazongames: Follow &amp; RT for a chance to win Halo The Master Chief Collection #12DaysOfGiveaways http://t.co/MUsBzljfOF http://t.co/uo�,2393,250,1642,Amazon,24/06/2015
http://t.co/MUsBzljfOF,LINK,0,2393,250,1642,RT amazongames: Follow &amp; RT for a chance to win Halo The Master Chief Collection #12DaysOfGiveaways http://t.co/MUsBzljfOF http://t.co/uo�,2393,250,1642,Amazon,28/03/2015
http://t.co/9csXfvP7I8,LINK,0,2256,293,1568,RT amazongames: Follow &amp; RT for a chance to win a Fire HD 6 tablet w/ Tales from Deep Space #12DaysOfGiveaways http://t.co/9csXfvP7I8 http�,2256,293,1568,Amazon,18/12/2014
http://t.co/IY9PebiWuV,LINK,0,2242,260,1548,RT amazon_movies: Followers who RT have a shot 2 win this http://t.co/IY9PebiWuV! NoPurchNec http://t.co/5vE7Ch83EF #giveaway http://t.co/�,2242,260,1548,Amazon,8/6/2015
http://t.co/5vE7Ch83EF,LINK,0,2242,260,1548,RT amazon_movies: Followers who RT have a shot 2 win this http://t.co/IY9PebiWuV! NoPurchNec http://t.co/5vE7Ch83EF #giveaway http://t.co/�,2242,260,1548,Amazon,1/3/2015
http://t.co/bARphRhah5,LINK,0,2251,236,1545,RT amazon_movies: Followers who RT have a shot 2 win this http://t.co/v3sJAFw3oG NoPurchNec http://t.co/bARphRhah5 #giveaway http://t.co/r�,2251,236,1545,Amazon,2/6/2015
http://t.co/v3sJAFw3oG,LINK,0,2251,236,1545,RT amazon_movies: Followers who RT have a shot 2 win this http://t.co/v3sJAFw3oG NoPurchNec http://t.co/bARphRhah5 #giveaway http://t.co/r�,2251,236,1545,Amazon,11/4/2015
@KDTrey5,USERNAME,0,1656,1286,1526,RT NBA2K: #NBA2K15 is partnering with amazongames for a 35-hour sale at $35 in honor of 35's return. #YourTimeHasCome KDTrey5 http://t.c�,1656,1286,1526,Amazon,21/12/2014
s return,OTHER,0.506876051,1656,1286,1526,RT NBA2K: #NBA2K15 is partnering with amazongames for a 35-hour sale at $35 in honor of 35's return. #YourTimeHasCome KDTrey5 http://t.c�,1656,1286,1526,Amazon,2/6/2015
#YourTimeHasCome,HASHTAG,0,1656,1286,1526,RT NBA2K: #NBA2K15 is partnering with amazongames for a 35-hour sale at $35 in honor of 35's return. #YourTimeHasCome KDTrey5 http://t.c�,1656,1286,1526,Amazon,3/12/2014
honor,OTHER,0.675834715,1656,1286,1526,RT NBA2K: #NBA2K15 is partnering with amazongames for a 35-hour sale at $35 in honor of 35's return. #YourTimeHasCome KDTrey5 http://t.c�,1656,1286,1526,Amazon,3/12/2014
hour sale,OTHER,0.591355383,1656,1286,1526,RT NBA2K: #NBA2K15 is partnering with amazongames for a 35-hour sale at $35 in honor of 35's return. #YourTimeHasCome KDTrey5 http://t.c�,1656,1286,1526,Amazon,8/12/2014
@FallonTonight,USERNAME,0.441551745,1951,706,1515,RT FallonTonight: Win from home! Five fans can win Bose speakers from Amazon by replying to us and using #FallonStockingSweeps! #FallonT�,1951,706,1515,Amazon,15/12/2014
#FallonT,HASHTAG,0,1951,706,1515,RT FallonTonight: Win from home! Five fans can win Bose speakers from Amazon by replying to us and using #FallonStockingSweeps! #FallonT�,1951,706,1515,Amazon,19/12/2014
#FallonStockingSweeps,HASHTAG,0,1951,706,1515,RT FallonTonight: Win from home! Five fans can win Bose speakers from Amazon by replying to us and using #FallonStockingSweeps! #FallonT�,1951,706,1515,Amazon,18/12/2014
@Bose,USERNAME,0,1951,706,1515,RT FallonTonight: Win from home! Five fans can win Bose speakers from Amazon by replying to us and using #FallonStockingSweeps! #FallonT�,1951,706,1515,Amazon,19/06/2015
Win,OTHER,0.88310349,1951,706,1515,RT FallonTonight: Win from home! Five fans can win Bose speakers from Amazon by replying to us and using #FallonStockingSweeps! #FallonT�,1951,706,1515,Amazon,14/12/2014
https://t.co/sFDxVarIIl,LINK,0,2140,237,1473,RT for a chance to win from Rem4Men https://t.co/sFDxVarIIl NoPurchNec #AmazonGiveaway Rules https://t.co/DdTHpMZwOl http://t.co/mFctZWooW3,1158,128,797,Amazon,16/12/2014
@LittleBigPlanet,USERNAME,0.441551745,2103,290,1468,RT amazongames: Sackboy's back! Follow &amp; RT for a chance to win LittleBigPlanet 3 for #PS4 #12DaysOfGiveaways http://t.co/I2e23TnBvK http�,2103,290,1468,Amazon,9/4/2015
#CatastropheTV,HASHTAG,-0.005385522,808,2746,1468,RT catastrophe_tv: #CatastropheTV is here! Stream all episodes only on #AmazonPrime: http://t.co/N8hajnb6o7https://t.co/tCZsFkoNqd,164,767,375,Amazon,3/3/2015
http://t.co/I2e23TnBvK,LINK,0,2103,290,1468,RT amazongames: Sackboy's back! Follow &amp; RT for a chance to win LittleBigPlanet 3 for #PS4 #12DaysOfGiveaways http://t.co/I2e23TnBvK http�,2103,290,1468,Amazon,24/02/2015
fulfillment,OTHER,0.138833336,1066,2200,1460,In case you missed it a velociraptor is running wild in one of our fulfillment centers and we need your help... http://t.co/8KxVwjVDJb,326,602,422,Amazon,13/06/2015
https://t.co/HxuKy8s9Ry,LINK,0,2114,214,1449,RT for a chance to win this watch. NoPurchNec http://t.co/RWY8EhTIfE #AmazonGiveaway Rules: https://t.co/HxuKy8s9Ry http://t.co/1aj7juOpi8,2114,214,1449,Amazon,23/03/2015
http://t.co/RWY8EhTIfE,LINK,0,2114,214,1449,RT for a chance to win this watch. NoPurchNec http://t.co/RWY8EhTIfE #AmazonGiveaway Rules: https://t.co/HxuKy8s9Ry http://t.co/1aj7juOpi8,2114,214,1449,Amazon,16/12/2014
http://t.co/1aj7juOpi8,LINK,0,2114,214,1449,RT for a chance to win this watch. NoPurchNec http://t.co/RWY8EhTIfE #AmazonGiveaway Rules: https://t.co/HxuKy8s9Ry http://t.co/1aj7juOpi8,2114,214,1449,Amazon,6/4/2015
@DestinyTheGame,USERNAME,0.441551745,2096,245,1448,RT amazongames: Follow &amp; RT for a chance to win DestinyTheGame for #PS4 or #XboxOne. #AmazonGiveaway http://t.co/PeYZv790VS http://t.co/e�,2096,245,1448,Amazon,11/4/2015
@CallofDuty,USERNAME,0.220775872,2087,236,1439,RT amazongames: Follow &amp; RT for a chance to win CallofDuty #AdvancedWarfare for #XboxOne or #PS4. http://t.co/NcLtGBoVUr http://t.co/6FMR�,2087,236,1439,Amazon,27/05/2015
#AdvancedWarfare,HASHTAG,0.220775872,2087,236,1439,RT amazongames: Follow &amp; RT for a chance to win CallofDuty #AdvancedWarfare for #XboxOne or #PS4. http://t.co/NcLtGBoVUr http://t.co/6FMR�,2087,236,1439,Amazon,19/01/2015
#Fallout4,HASHTAG,0,1514,1277,1426,RT amazongames: Here it is: The #Fallout4 Pip-Boy Edition coming 11/10/15 for $119.99. PS4 link: http://t.co/eWsI65JvaI http://t.co/V3Wd�,947,720,867,Amazon,17/06/2015
#MachoMan,HASHTAG,0.441551745,1975,399,1423,RT amazon_movies: Followers who RT have a shot 2 win this http://t.co/tTepUyqlg5 NoPurchNec http://t.co/8JglzS8hsq #giveaway #MachoMan htt�,1975,399,1423,Amazon,27/11/2014
http://t.co/8JglzS8hsq,LINK,0,1975,399,1423,RT amazon_movies: Followers who RT have a shot 2 win this http://t.co/tTepUyqlg5 NoPurchNec http://t.co/8JglzS8hsq #giveaway #MachoMan htt�,1975,399,1423,Amazon,3/3/2015
http://t.co/tTepUyqlg5,LINK,0,1975,399,1423,RT amazon_movies: Followers who RT have a shot 2 win this http://t.co/tTepUyqlg5 NoPurchNec http://t.co/8JglzS8hsq #giveaway #MachoMan htt�,1975,399,1423,Amazon,3/12/2014
@DisneyInfinity,USERNAME,0.420775876,2028,283,1417,RT amazongames: Follow &amp; RT for a chance to win one of eight DisneyInfinity Starter Packs. #AmazonGiveaway http://t.co/ji5FECrL35 http://�,2002,257,1391,Amazon,31/03/2015
http://t.co/D1vX1QNVgQ,LINK,0,2050,236,1415,Follow Amazon and RT for a chance to win http://t.co/D1vX1QNVgQ #AmazonSweeps Rules: https://t.co/7rHQyN9NpF http://t.co/ehstraxFhM,2050,236,1415,Amazon,22/06/2015
https://t.co/7rHQyN9NpF,LINK,0,2050,236,1415,Follow Amazon and RT for a chance to win http://t.co/D1vX1QNVgQ #AmazonSweeps Rules: https://t.co/7rHQyN9NpF http://t.co/ehstraxFhM,2050,236,1415,Amazon,22/01/2015
http://t.co/ehstraxFhM,LINK,0,2050,236,1415,Follow Amazon and RT for a chance to win http://t.co/D1vX1QNVgQ #AmazonSweeps Rules: https://t.co/7rHQyN9NpF http://t.co/ehstraxFhM,2050,236,1415,Amazon,28/05/2015
http://t.co/ji5FECrL35,LINK,0,2002,257,1391,RT amazongames: Follow &amp; RT for a chance to win one of eight DisneyInfinity Starter Packs. #AmazonGiveaway http://t.co/ji5FECrL35 http://�,2002,257,1391,Amazon,24/04/2015
http://t.co/w7cSOhvNcK,LINK,0,1983,206,1361,Follow Amazon and Retweet for a chance to win http://t.co/GlmsyBtzNK #AmazonSweeps Rules https://t.co/8F2M9LyT8e http://t.co/w7cSOhvNcK,1983,206,1361,Amazon,9/4/2015
http://t.co/GlmsyBtzNK,LINK,0,1983,206,1361,Follow Amazon and Retweet for a chance to win http://t.co/GlmsyBtzNK #AmazonSweeps Rules https://t.co/8F2M9LyT8e http://t.co/w7cSOhvNcK,1983,206,1361,Amazon,20/01/2015
Celebrate,OTHER,0.045954238,1380,1285,1340,RT AmazonKindle: Celebrate National Reading Month with $20 off Kindle: http://t.co/EHCZvRvXSB  Limited-time only. http://t.co/0wUOb9YqgG,486,372,446,Amazon,25/03/2015
#AmazonReviews,HASHTAG,0,1262,1384,1300,Crystal Ballpoint Pen� #AmazonReviews http://t.co/LQhgkWcGZJ,429,387,414,Amazon,15/12/2014
raptor,OTHER,0.128333338,969,1909,1295,A raptor is on the loose in one of our fulfillment centers.... http://t.co/a44d46q6RP,278,596,389,Amazon,3/3/2015
https://t.co/DdTHpMZwOl,LINK,0,1856,215,1281,RT for a chance to win from Rem4Men https://t.co/sFDxVarIIl NoPurchNec #AmazonGiveaway Rules https://t.co/DdTHpMZwOl http://t.co/mFctZWooW3,1158,128,797,Amazon,16/12/2014
http://t.co/iDSQiefFYY,LINK,0,1862,201,1280,Follow Amazon and RT for a chance to win http://t.co/iVpq1a6RUv #AmazonSweeps Rules https://t.co/fNiIGz8FhU http://t.co/iDSQiefFYY,1862,201,1280,Amazon,8/5/2015
http://t.co/iVpq1a6RUv,LINK,0,1862,201,1280,Follow Amazon and RT for a chance to win http://t.co/iVpq1a6RUv #AmazonSweeps Rules https://t.co/fNiIGz8FhU http://t.co/iDSQiefFYY,1862,201,1280,Amazon,7/12/2014
https://t.co/fNiIGz8FhU,LINK,0,1862,201,1280,Follow Amazon and RT for a chance to win http://t.co/iVpq1a6RUv #AmazonSweeps Rules https://t.co/fNiIGz8FhU http://t.co/iDSQiefFYY,1862,201,1280,Amazon,16/12/2014
https://t.co/34k8zwb4eU,LINK,0,1828,219,1264,Follow Amazon and RT for a chance to win http://t.co/MsRLWzE1zl Rules https://t.co/34k8zwb4eU #AmazonSweeps http://t.co/qLhBJCG4G4,1828,219,1264,Amazon,25/03/2015
http://t.co/MsRLWzE1zl,LINK,0,1828,219,1264,Follow Amazon and RT for a chance to win http://t.co/MsRLWzE1zl Rules https://t.co/34k8zwb4eU #AmazonSweeps http://t.co/qLhBJCG4G4,1828,219,1264,Amazon,13/04/2015
http://t.co/qLhBJCG4G4,LINK,0,1828,219,1264,Follow Amazon and RT for a chance to win http://t.co/MsRLWzE1zl Rules https://t.co/34k8zwb4eU #AmazonSweeps http://t.co/qLhBJCG4G4,1828,219,1264,Amazon,4/5/2015
http://t.co/uAVfkKwJLm,LINK,0,1832,196,1259,RT amazon_movies: Followers who RT have a shot 2 win this http://t.co/uAVfkKwJLm NoPurchNec http://t.co/5oqmCModom #giveaway http://t.co/a�,1832,196,1259,Amazon,21/03/2015
http://t.co/5oqmCModom,LINK,0,1832,196,1259,RT amazon_movies: Followers who RT have a shot 2 win this http://t.co/uAVfkKwJLm NoPurchNec http://t.co/5oqmCModom #giveaway http://t.co/a�,1832,196,1259,Amazon,14/03/2015
@transparent_tv,USERNAME,0,1305,1166,1254,RT transparent_tv: This Saturday all Episodes of #Transparent will be available FREE for 24 hours only! Let the countdown begin! http://t�,792,389,650,Amazon,6/4/2015
Hewlett-Packard,OTHER,0.441551745,1779,228,1236,RT Amazon3PSellers: RT + Follow for a chance to win a HP Monitor from TigerDirect! NoPurchNec #AmazonSweeps Rules http://t.co/mA6FYiyCSp �,1766,209,1221,Amazon,18/06/2015
@GreenPaxx,USERNAME,0.001226533,1707,342,1226,RT for a chance to win this GreenPaxx prize pack http://t.co/4oRNFtrqGn Rules https://t.co/m8jxuWB2Ll #AmazonSweeps http://t.co/KATIVkPjnK,747,119,527,Amazon,20/01/2015
https://t.co/UnBDUGqhBV,LINK,0,1763,227,1225,Follow Amazon and RT for a chance to win http://t.co/OggEKfeK9f Rules https://t.co/UnBDUGqhBV #AmazonSweeps http://t.co/MaL6F9Bxjn,1763,227,1225,Amazon,9/6/2015
http://t.co/MaL6F9Bxjn,LINK,0,1763,227,1225,Follow Amazon and RT for a chance to win http://t.co/OggEKfeK9f Rules https://t.co/UnBDUGqhBV #AmazonSweeps http://t.co/MaL6F9Bxjn,1763,227,1225,Amazon,23/12/2014
http://t.co/9nWbOcq9C1,LINK,0,1797,165,1225,Follow Amazon and Retweet for a chance to win http://t.co/juw29kskQl #AmazonSweeps Rules https://t.co/8F2M9LyT8e http://t.co/9nWbOcq9C1,1797,165,1225,Amazon,28/05/2015
http://t.co/juw29kskQl,LINK,0,1797,165,1225,Follow Amazon and Retweet for a chance to win http://t.co/juw29kskQl #AmazonSweeps Rules https://t.co/8F2M9LyT8e http://t.co/9nWbOcq9C1,1797,165,1225,Amazon,4/12/2014
http://t.co/OggEKfeK9f,LINK,0,1763,227,1225,Follow Amazon and RT for a chance to win http://t.co/OggEKfeK9f Rules https://t.co/UnBDUGqhBV #AmazonSweeps http://t.co/MaL6F9Bxjn,1763,227,1225,Amazon,23/02/2015
@TigerDirect,USERNAME,0.88310349,1766,209,1221,RT Amazon3PSellers: RT + Follow for a chance to win a HP Monitor from TigerDirect! NoPurchNec #AmazonSweeps Rules http://t.co/mA6FYiyCSp �,1766,209,1221,Amazon,29/05/2015
http://t.co/mA6FYiyCSp,LINK,0,1766,209,1221,RT Amazon3PSellers: RT + Follow for a chance to win a HP Monitor from TigerDirect! NoPurchNec #AmazonSweeps Rules http://t.co/mA6FYiyCSp �,1766,209,1221,Amazon,29/05/2015
http://t.co/ZbEPJr9LSb,LINK,0,1762,189,1211,RT amazon_movies: Followers who RT have a shot 2 win this http://t.co/ZbEPJr9LSb NoPurchNec http://t.co/vFe51zmj2M #giveaway http://t.co/U�,1762,189,1211,Amazon,17/12/2014
http://t.co/vFe51zmj2M,LINK,0,1762,189,1211,RT amazon_movies: Followers who RT have a shot 2 win this http://t.co/ZbEPJr9LSb NoPurchNec http://t.co/vFe51zmj2M #giveaway http://t.co/U�,1762,189,1211,Amazon,9/6/2015
Snickers,OTHER,-0.200422244,1054,1474,1198,#CandyBracket battle of the bars: SNICKERS VS Twix. RT to vote Snickers Fav to vote Twix. Winner goes to the semis. http://t.co/YjNIt6Yhrf,265,358,297,Amazon,6/4/2015
#BlackFriday,HASHTAG,-2.28E-07,1065,1478,1192,The iPotty. 75% off #BlackFriday Deal http://t.co/q3AxoPBjb6 http://t.co/grhuG8zmJD,244,145,209,Amazon,25/03/2015
fulfillment centers,OTHER,0.326666673,853,1740,1162,In case you missed it a velociraptor is running wild in one of our fulfillment centers and we need your help... http://t.co/8KxVwjVDJb,326,602,422,Amazon,20/03/2015
https://t.co/AFRt8Fmjr3,LINK,0,1636,245,1149,Follow Amazon and retweet for a chance to win http://t.co/fZCgXYAqTC Rules https://t.co/AFRt8Fmjr3 #AmazonSweeps http://t.co/qFPIp3nAia,1636,245,1149,Amazon,16/12/2014
http://t.co/qFPIp3nAia,LINK,0,1636,245,1149,Follow Amazon and retweet for a chance to win http://t.co/fZCgXYAqTC Rules https://t.co/AFRt8Fmjr3 #AmazonSweeps http://t.co/qFPIp3nAia,1636,245,1149,Amazon,4/4/2015
http://t.co/fZCgXYAqTC,LINK,0,1636,245,1149,Follow Amazon and retweet for a chance to win http://t.co/fZCgXYAqTC Rules https://t.co/AFRt8Fmjr3 #AmazonSweeps http://t.co/qFPIp3nAia,1636,245,1149,Amazon,15/12/2014
https://t.co/g6cLhO7tPW,LINK,0,1664,181,1144,Follow Amazon and retweet for a chance to win http://t.co/GE9TAhfRd8 Rules https://t.co/g6cLhO7tPW #AmazonSweeps http://t.co/zpAzOkJyNH,1664,181,1144,Amazon,8/5/2015
http://t.co/GE9TAhfRd8,LINK,0,1664,181,1144,Follow Amazon and retweet for a chance to win http://t.co/GE9TAhfRd8 Rules https://t.co/g6cLhO7tPW #AmazonSweeps http://t.co/zpAzOkJyNH,1664,181,1144,Amazon,28/03/2015
http://t.co/zpAzOkJyNH,LINK,0,1664,181,1144,Follow Amazon and retweet for a chance to win http://t.co/GE9TAhfRd8 Rules https://t.co/g6cLhO7tPW #AmazonSweeps http://t.co/zpAzOkJyNH,1664,181,1144,Amazon,28/11/2014
#Transparent,HASHTAG,0.041666667,1284,850,1130,RT transparent_tv: This Saturday all Episodes of #Transparent will be available FREE for 24 hours only! Let the countdown begin! http://t�,792,389,650,Amazon,12/12/2014
#GoldenGlobes,HASHTAG,0.016673611,963,1412,1118,RT transparent_tv: And the winner is...#Transparent #GoldenGlobes #Moppa jillsoloway,232,428,300,Amazon,24/06/2015
http://t.co/gF5LqOXiLr,LINK,0,1605,176,1104,RT amazon_movies: Followers who RT have a shot 2 win this http://t.co/gF5LqOXiLr NoPurchNec http://t.co/kxKBfz4b86 #giveaway http://t.co/M�,1605,176,1104,Amazon,7/4/2015
http://t.co/kxKBfz4b86,LINK,0,1605,176,1104,RT amazon_movies: Followers who RT have a shot 2 win this http://t.co/gF5LqOXiLr NoPurchNec http://t.co/kxKBfz4b86 #giveaway http://t.co/M�,1605,176,1104,Amazon,26/03/2015
http://t.co/wy3BCKyMMb,LINK,0,1578,158,1081,Follow amazon and retweet for a chance to win http://t.co/Nqk8rULbRv Rules http://t.co/iLhTpsCOr1 #AmazonSweeps http://t.co/wy3BCKyMMb,1578,158,1081,Amazon,21/03/2015
http://t.co/iLhTpsCOr1,LINK,0,1578,158,1081,Follow amazon and retweet for a chance to win http://t.co/Nqk8rULbRv Rules http://t.co/iLhTpsCOr1 #AmazonSweeps http://t.co/wy3BCKyMMb,1578,158,1081,Amazon,24/12/2014
http://t.co/Nqk8rULbRv,LINK,0,1578,158,1081,Follow amazon and retweet for a chance to win http://t.co/Nqk8rULbRv Rules http://t.co/iLhTpsCOr1 #AmazonSweeps http://t.co/wy3BCKyMMb,1578,158,1081,Amazon,22/06/2015
http://t.co/16cDbC25A2,LINK,0,1521,219,1065,RT Amazon3PSellers: RT + Follow for a chance to win this bundle from jackeryinc! NoPurchNec #AmazonSweeps Rules: http://t.co/16cDbC25A2 h�,1521,219,1065,Amazon,16/12/2014
http://t.co/R334k9RBQI,LINK,0,1518,210,1060,RT Amazon3PSellers: RT + Follow for a chance to win this AnkerOfficial Charger! NoPurchNec #AmazonGiveaway Rules: http://t.co/R334k9RBQI �,1518,210,1060,Amazon,26/01/2015
#MinionsBoxes,HASHTAG,2.38E-12,568,1955,1042,What's cute yellow and could be landing on your doorstep soon? #MinionsBoxes http://t.co/rvWPNHU2NJhttps://t.co/IOMPvgb2iL,142,204,163,Amazon,27/05/2015
http://t.co/ciOa40KCWA,LINK,0,1498,193,1041,RT Amazon3PSellers: RT + Follow for a chance to win an AnkerOfficial Mini Charger NoPurchNec #AmazonSweeps Rules http://t.co/ciOa40KCWA h�,1498,193,1041,Amazon,21/12/2014
http://t.co/uJEcAHgEGg,LINK,0,1488,204,1038,RT Amazon3PSellers: Follow+RT for a chance to win a Refurbished Acer Tablethttp://t.co/uJEcAHgEGghttp://t.co/MLGJEJZWPD#AmazonSweeps ht�,1488,204,1038,Amazon,16/12/2014
Refurbished Acer Tablet   http://t.co/uJEcAHgEGg   http://t.co/MLGJEJZWPD,OTHER,0.14718391,1488,204,1038,RT Amazon3PSellers: Follow+RT for a chance to win a Refurbished Acer Tablethttp://t.co/uJEcAHgEGghttp://t.co/MLGJEJZWPD#AmazonSweeps ht�,1488,204,1038,Amazon,15/06/2015
http://t.co/MLGJEJZWPD,LINK,0,1488,204,1038,RT Amazon3PSellers: Follow+RT for a chance to win a Refurbished Acer Tablethttp://t.co/uJEcAHgEGghttp://t.co/MLGJEJZWPD#AmazonSweeps ht�,1488,204,1038,Amazon,6/12/2014
http://t.co/1Hl8MUoHKK,LINK,0,1501,160,1031,Follow Amazon and retweet for a chance to win http://t.co/1Hl8MUoHKK Rules https://t.co/iu7s1uOr8M #AmazonSweeps http://t.co/2Nirrf3f24,1501,160,1031,Amazon,25/03/2015
http://t.co/2Nirrf3f24,LINK,0,1501,160,1031,Follow Amazon and retweet for a chance to win http://t.co/1Hl8MUoHKK Rules https://t.co/iu7s1uOr8M #AmazonSweeps http://t.co/2Nirrf3f24,1501,160,1031,Amazon,7/4/2015
https://t.co/iu7s1uOr8M,LINK,0,1501,160,1031,Follow Amazon and retweet for a chance to win http://t.co/1Hl8MUoHKK Rules https://t.co/iu7s1uOr8M #AmazonSweeps http://t.co/2Nirrf3f24,1501,160,1031,Amazon,4/2/2015
#CyberMonday,HASHTAG,1.37E-40,893,1296,1019,#CyberMonday Lightning Deal: 75% off 5 Port USB Charger http://t.co/WYBp8qYdBV http://t.co/BxHruKGq2A,55,78,63,Amazon,20/02/2015
http://t.co/E4vGPffQY4,LINK,0,1468,183,1018,Follow Amazon and retweet for a chance to win http://t.co/CV61ogvbnn Rules https://t.co/2ZRIyxvqTW #AmazonSweeps http://t.co/E4vGPffQY4,1468,183,1018,Amazon,1/12/2014
http://t.co/CV61ogvbnn,LINK,0,1468,183,1018,Follow Amazon and retweet for a chance to win http://t.co/CV61ogvbnn Rules https://t.co/2ZRIyxvqTW #AmazonSweeps http://t.co/E4vGPffQY4,1468,183,1018,Amazon,4/12/2014
https://t.co/2ZRIyxvqTW,LINK,0,1468,183,1018,Follow Amazon and retweet for a chance to win http://t.co/CV61ogvbnn Rules https://t.co/2ZRIyxvqTW #AmazonSweeps http://t.co/E4vGPffQY4,1468,183,1018,Amazon,26/03/2015
10/15/2011,OTHER,0,1087,865,1008,RT amazongames: Here it is: The #Fallout4 Pip-Boy Edition coming 11/10/15 for $119.99. PS4 link: http://t.co/eWsI65JvaI http://t.co/V3Wd�,947,720,867,Amazon,14/01/2015
http://t.co/jf5ERUAUUf,LINK,0,1144,737,1001,In case you ever need to pump deflated footballs http://t.co/jf5ERUAUUf http://t.co/XYyEI9LpXm,1144,737,1001,Amazon,22/06/2015
http://t.co/XYyEI9LpXm,LINK,0,1144,737,1001,In case you ever need to pump deflated footballs http://t.co/jf5ERUAUUf http://t.co/XYyEI9LpXm,1144,737,1001,Amazon,1/6/2015
deflated footballs,OTHER,0,1144,737,1001,In case you ever need to pump deflated footballs http://t.co/jf5ERUAUUf http://t.co/XYyEI9LpXm,1144,737,1001,Amazon,8/4/2015
http://t.co/wXwsFw9gEG,LINK,0,1453,160,1000,RT Amazon3PSellers: RT + Follow for a chance to win this AnkerOfficial Charger! NoPurchNec #AmazonGiveaway Rules: http://t.co/wXwsFw9gEG �,1453,160,1000,Amazon,4/6/2015
save,OTHER,0.011374835,883,1250,995,RT Kim_BKLYN: Hot tip: do you have Amazon Prime? Use it to send flowers and save on shipping. #amazon,38,137,72,Amazon,17/06/2015
http://t.co/mavct6AFis,LINK,0,1424,185,990,Follow amazon and retweet for a chance to win http://t.co/b5vtgT1sIJ  Rules http://t.co/EAchj6TJnN #AmazonSweeps http://t.co/mavct6AFis,1424,185,990,Amazon,20/01/2015
http://t.co/b5vtgT1sIJ,LINK,0,1424,185,990,Follow amazon and retweet for a chance to win http://t.co/b5vtgT1sIJ  Rules http://t.co/EAchj6TJnN #AmazonSweeps http://t.co/mavct6AFis,1424,185,990,Amazon,19/06/2015
@SNICKERS,USERNAME,0.153679604,1005,957,985,#CandyBracket battle of the bars: SNICKERS VS Twix. RT to vote Snickers Fav to vote Twix. Winner goes to the semis. http://t.co/YjNIt6Yhrf,265,358,297,Amazon,19/02/2015
http://t.co/CYYxwXSEcx,LINK,0,1407,182,978,RT Amazon3PSellers: RT + Follow for a chance to win these Jarv Wireless Earbuds NoPurchNec #AmazonSweeps Rules: http://t.co/CYYxwXSEcx htt�,1407,182,978,Amazon,12/1/2015
http://t.co/lWmvEGXWSV,LINK,0,1407,170,974,RT Amazon3PSellers: RT + Follow for a chance to win jackeryinc bundle number two! NoPurchNec #AmazonSweeps Rules: http://t.co/lWmvEGXWSV �,1407,170,974,Amazon,5/4/2015
bundle number,OTHER,0.662327647,1407,170,974,RT Amazon3PSellers: RT + Follow for a chance to win jackeryinc bundle number two! NoPurchNec #AmazonSweeps Rules: http://t.co/lWmvEGXWSV �,1407,170,974,Amazon,1/6/2015
http://t.co/gcgz8QJzx9,LINK,0,1400,173,970,RT amazon_movies: Followers who RT have a shot 2 win this http://t.co/gcgz8QJzx9 NoPurchNec http://t.co/NSYlpWJgT4 #giveaway http://t.co/A�,1400,173,970,Amazon,14/01/2015
http://t.co/NSYlpWJgT4,LINK,0,1400,173,970,RT amazon_movies: Followers who RT have a shot 2 win this http://t.co/gcgz8QJzx9 NoPurchNec http://t.co/NSYlpWJgT4 #giveaway http://t.co/A�,1400,173,970,Amazon,7/4/2015
Last chance,OTHER,0.137500006,916,1060,964,Last chance to cast your vote for this semi-final #CandyBracket match. RT for Twix Favorite for 3 Musketeers http://t.co/gZrVEDyTzV,296,215,267,Amazon,19/05/2015
#KCA,HASHTAG,0.300000012,805,1255,961,RT NickelodeonTV: Not near a TV? Check out the live stream of #KCA thanks to AmazonFire!  https://t.co/oQL5yyPBbg,793,1227,944,Amazon,14/04/2015
@NickelodeonTV,USERNAME,0,808,1248,961,RT NickelodeonTV: Not near a TV? Check out the live stream of #KCA thanks to AmazonFire!  https://t.co/oQL5yyPBbg,793,1227,944,Amazon,9/6/2015
http://t.co/kLVc3iAOaJ,LINK,0,1391,161,960,Follow Amazon and RT for a chance to win http://t.co/kLVc3iAOaJ Rules: https://t.co/1TNAb4Koeg #AmazonSweeps http://t.co/h4m1TmlZTU,1391,161,960,Amazon,15/04/2015
http://t.co/h4m1TmlZTU,LINK,0,1391,161,960,Follow Amazon and RT for a chance to win http://t.co/kLVc3iAOaJ Rules: https://t.co/1TNAb4Koeg #AmazonSweeps http://t.co/h4m1TmlZTU,1391,161,960,Amazon,12/1/2015
https://t.co/1TNAb4Koeg,LINK,0,1391,161,960,Follow Amazon and RT for a chance to win http://t.co/kLVc3iAOaJ Rules: https://t.co/1TNAb4Koeg #AmazonSweeps http://t.co/h4m1TmlZTU,1391,161,960,Amazon,22/01/2015
http://t.co/SZrvmQDi6t,LINK,0,1354,227,959,Follow Amazon and retweet for a chance to win http://t.co/SZrvmQDi6t Rules https://t.co/B6mNHbRMLS #AmazonSweeps http://t.co/jQb31e2RY5,1354,227,959,Amazon,17/04/2015
https://t.co/B6mNHbRMLS,LINK,0,1354,227,959,Follow Amazon and retweet for a chance to win http://t.co/SZrvmQDi6t Rules https://t.co/B6mNHbRMLS #AmazonSweeps http://t.co/jQb31e2RY5,1354,227,959,Amazon,16/06/2015
http://t.co/jQb31e2RY5,LINK,0,1354,227,959,Follow Amazon and retweet for a chance to win http://t.co/SZrvmQDi6t Rules https://t.co/B6mNHbRMLS #AmazonSweeps http://t.co/jQb31e2RY5,1354,227,959,Amazon,29/05/2015
http://t.co/c42H8BNPpa,LINK,0,915,1038,958,Halloween is only 9 months away... http://t.co/c42H8BNPpa http://t.co/43EtPmPllq,915,1038,958,Amazon,7/4/2015
http://t.co/43EtPmPllq,LINK,0,915,1038,958,Halloween is only 9 months away... http://t.co/c42H8BNPpa http://t.co/43EtPmPllq,915,1038,958,Amazon,27/01/2015
http://t.co/XuUbfQ7L8p,LINK,0,1362,196,953,RT Amazon3PSellers: Follow + RT for a chance to win a GripGear Stabilizer!http://t.co/XuUbfQ7L8phttp://t.co/Wel8EtfB1m#AmazonSweeps htt�,1362,196,953,Amazon,28/05/2015
http://t.co/Wel8EtfB1m,LINK,0,1362,196,953,RT Amazon3PSellers: Follow + RT for a chance to win a GripGear Stabilizer!http://t.co/XuUbfQ7L8phttp://t.co/Wel8EtfB1m#AmazonSweeps htt�,1362,196,953,Amazon,29/05/2015
https://t.co/oQL5yyPBbg,LINK,0,793,1227,944,RT NickelodeonTV: Not near a TV? Check out the live stream of #KCA thanks to AmazonFire!  https://t.co/oQL5yyPBbg,793,1227,944,Amazon,2/2/2015
live stream,OTHER,0,793,1227,944,RT NickelodeonTV: Not near a TV? Check out the live stream of #KCA thanks to AmazonFire!  https://t.co/oQL5yyPBbg,793,1227,944,Amazon,9/5/2015
@AmazonFire,USERNAME,0,793,1227,944,RT NickelodeonTV: Not near a TV? Check out the live stream of #KCA thanks to AmazonFire!  https://t.co/oQL5yyPBbg,793,1227,944,Amazon,22/04/2015
http://t.co/b2QEGtHMB4,LINK,0,1337,161,925,Follow Amazon and retweet for a chance to win http://t.co/LAvGrZrJak Rules https://t.co/s1VhSQKD4X #AmazonSweeps http://t.co/b2QEGtHMB4,1337,161,925,Amazon,2/6/2015
Rules https,OTHER,0.220775872,1337,161,925,Follow Amazon and retweet for a chance to win http://t.co/LAvGrZrJak Rules https://t.co/s1VhSQKD4X #AmazonSweeps http://t.co/b2QEGtHMB4,1337,161,925,Amazon,12/1/2015
http://t.co/LAvGrZrJak,LINK,0,1337,161,925,Follow Amazon and retweet for a chance to win http://t.co/LAvGrZrJak Rules https://t.co/s1VhSQKD4X #AmazonSweeps http://t.co/b2QEGtHMB4,1337,161,925,Amazon,18/05/2015
https://t.co/s1VhSQKD4X,LINK,0,1337,161,925,Follow Amazon and retweet for a chance to win http://t.co/LAvGrZrJak Rules https://t.co/s1VhSQKD4X #AmazonSweeps http://t.co/b2QEGtHMB4,1337,161,925,Amazon,7/12/2014
#AmazonPrime,HASHTAG,2.58E-06,624,1480,918,RT catastrophe_tv: #CatastropheTV is here! Stream all episodes only on #AmazonPrime: http://t.co/N8hajnb6o7https://t.co/tCZsFkoNqd,164,767,375,Amazon,4/5/2015
http://t.co/yJq3SSgmj7,LINK,0,1316,176,916,RT Amazon3PSellers: Follow + RT for a chance to win: jackeryinc signed by Money23Green http://t.co/yJq3SSgmj7http://t.co/dfkBlXi8wO ht�,1316,176,916,Amazon,4/3/2015
http://t.co/dfkBlXi8wO,LINK,0,1316,176,916,RT Amazon3PSellers: Follow + RT for a chance to win: jackeryinc signed by Money23Green http://t.co/yJq3SSgmj7http://t.co/dfkBlXi8wO ht�,1316,176,916,Amazon,5/6/2015
http://t.co/W004n48opu,LINK,0,1318,134,903,Follow Amazon and retweet for a chance to win http://t.co/JAtFwveAMn Rules https://t.co/ihclSvnjYu #AmazonSweeps http://t.co/W004n48opu,1318,134,903,Amazon,31/03/2015
https://t.co/ihclSvnjYu,LINK,0,1318,134,903,Follow Amazon and retweet for a chance to win http://t.co/JAtFwveAMn Rules https://t.co/ihclSvnjYu #AmazonSweeps http://t.co/W004n48opu,1318,134,903,Amazon,27/05/2015
http://t.co/JAtFwveAMn,LINK,0,1318,134,903,Follow Amazon and retweet for a chance to win http://t.co/JAtFwveAMn Rules https://t.co/ihclSvnjYu #AmazonSweeps http://t.co/W004n48opu,1318,134,903,Amazon,28/05/2015
http://t.co/j8CKCtzkCD,LINK,0,1281,197,901,RT Amazon3PSellers: Follow + RT for a chance to win a Money23Green special edition jackeryinc!http://t.co/j8CKCtzkCD#AmazonSweeps http�,1281,197,901,Amazon,31/03/2015
#StarWarsDay,HASHTAG,3.24E-11,733,1177,881,There aren't enough scoundrels (or towels) in your life #StarWarsDay http://t.co/vRSSp4gRrE http://t.co/LKdqzmUcDb,113,193,141,Amazon,8/12/2014
celebrate,OTHER,0.163095245,743,1118,870,March is National Reading Month and we're going to celebrate by sharing 100 Books to Read in a Lifetime. #100Books,165,220,184,Amazon,18/06/2015
https://t.co/cBXt5XVYc1,LINK,0,1265,136,869,Follow Amazon and retweet for a chance to win http://t.co/xju61IFD1F Rules https://t.co/cBXt5XVYc1 #AmazonSweeps http://t.co/ajtIw5DJXb,1265,136,869,Amazon,14/05/2015
http://t.co/xju61IFD1F,LINK,0,1265,136,869,Follow Amazon and retweet for a chance to win http://t.co/xju61IFD1F Rules https://t.co/cBXt5XVYc1 #AmazonSweeps http://t.co/ajtIw5DJXb,1265,136,869,Amazon,24/02/2015
http://t.co/ajtIw5DJXb,LINK,0,1265,136,869,Follow Amazon and retweet for a chance to win http://t.co/xju61IFD1F Rules https://t.co/cBXt5XVYc1 #AmazonSweeps http://t.co/ajtIw5DJXb,1265,136,869,Amazon,2/6/2015
http://t.co/eWsI65JvaI,LINK,0,947,720,867,RT amazongames: Here it is: The #Fallout4 Pip-Boy Edition coming 11/10/15 for $119.99. PS4 link: http://t.co/eWsI65JvaI http://t.co/V3Wd�,947,720,867,Amazon,7/4/2015
http://t.co/Ht3SrB7FxW,LINK,0,1223,190,861,RT Amazon3PSellers: Retweet / Follow for a chance to win this Photive Charger! NoPurchNec #AmazonGiveaway Rules: http://t.co/Ht3SrB7FxW ht�,1223,190,861,Amazon,16/06/2015
http://t.co/qbADuBxdBR,LINK,0,1238,143,854,RT for a chance to win from Rem4Men http://t.co/nFaMN8n8tx NoPurchNec #AmazonGiveaway Rules:https://t.co/5OSeGt0b3F http://t.co/qbADuBxdBR,1238,143,854,Amazon,9/12/2014
http://t.co/nFaMN8n8tx,LINK,0,1238,143,854,RT for a chance to win from Rem4Men http://t.co/nFaMN8n8tx NoPurchNec #AmazonGiveaway Rules:https://t.co/5OSeGt0b3F http://t.co/qbADuBxdBR,1238,143,854,Amazon,9/5/2015
https://t.co/m8jxuWB2Ll,LINK,0,1205,191,849,RT for a chance to win this GreenPaxx prize pack http://t.co/4oRNFtrqGn Rules https://t.co/m8jxuWB2Ll #AmazonSweeps http://t.co/KATIVkPjnK,747,119,527,Amazon,25/02/2015
#MayThe4thBeWithYou,HASHTAG,-8.83E-06,714,1105,845,This is the measuring cup set you were looking for http://t.co/F8eGRrVAZU #MayThe4thBeWithYou http://t.co/UO0ozpKnMH,157,273,197,Amazon,9/4/2015
https://t.co/v7PSyBGwm2,LINK,0,1175,142,813,Follow amazon and RT for a chance to win http://t.co/0SXxXtpRHk #AmazonSweeps Rules: https://t.co/v7PSyBGwm2 http://t.co/9YF7Kl8M4z,1175,142,813,Amazon,22/06/2015
http://t.co/0SXxXtpRHk,LINK,0,1175,142,813,Follow amazon and RT for a chance to win http://t.co/0SXxXtpRHk #AmazonSweeps Rules: https://t.co/v7PSyBGwm2 http://t.co/9YF7Kl8M4z,1175,142,813,Amazon,10/4/2015
http://t.co/9YF7Kl8M4z,LINK,0,1175,142,813,Follow amazon and RT for a chance to win http://t.co/0SXxXtpRHk #AmazonSweeps Rules: https://t.co/v7PSyBGwm2 http://t.co/9YF7Kl8M4z,1175,142,813,Amazon,19/05/2015
http://t.co/SPVIViZ5YI,LINK,0,881,644,798,Take a nap anytime�anywhere! http://t.co/SPVIViZ5YI http://t.co/cukHac1AWs,881,644,798,Amazon,16/03/2015
http://t.co/cukHac1AWs,LINK,0,881,644,798,Take a nap anytime�anywhere! http://t.co/SPVIViZ5YI http://t.co/cukHac1AWs,881,644,798,Amazon,4/12/2014
http://t.co/mFctZWooW3,LINK,0,1158,128,797,RT for a chance to win from Rem4Men https://t.co/sFDxVarIIl NoPurchNec #AmazonGiveaway Rules https://t.co/DdTHpMZwOl http://t.co/mFctZWooW3,1158,128,797,Amazon,20/02/2015
http://t.co/PoSNJifec0,LINK,0,1136,158,793,RT Amazon3PSellers: RT/Follow for a chance to win this Plugable Outlet/Charger! NoPurchNec #AmazonGiveaway Rules: http://t.co/PoSNJifec0 �,1136,158,793,Amazon,18/02/2015
http://t.co/zkUDsKdPh6,LINK,0,1136,133,784,RT for a chance to win from Rem4Men http://t.co/yqVjxkZfm4 NoPurchNec #AmazonGiveaway Rules:https://t.co/zayLYIivJ1 http://t.co/zkUDsKdPh6,1136,133,784,Amazon,19/06/2015
http://t.co/yqVjxkZfm4,LINK,0,1136,133,784,RT for a chance to win from Rem4Men http://t.co/yqVjxkZfm4 NoPurchNec #AmazonGiveaway Rules:https://t.co/zayLYIivJ1 http://t.co/zkUDsKdPh6,1136,133,784,Amazon,20/03/2015
http://t.co/XGL0joMUmR,LINK,0,1135,128,782,Follow amazon and retweet for a chance to win http://t.co/XGL0joMUmR Rules http://t.co/EAchj7bkMn #AmazonSweeps http://t.co/qildCtw2Nx,1135,128,782,Amazon,18/03/2015
http://t.co/qildCtw2Nx,LINK,0,1135,128,782,Follow amazon and retweet for a chance to win http://t.co/XGL0joMUmR Rules http://t.co/EAchj7bkMn #AmazonSweeps http://t.co/qildCtw2Nx,1135,128,782,Amazon,12/1/2015
http://t.co/9J8NjPaACr,LINK,0,1132,130,781,Follow Amazon and retweet for a chance to win http://t.co/roPph393AW #AmazonSweeps Rules https://t.co/DruxqEitlO http://t.co/9J8NjPaACr,1132,130,781,Amazon,5/6/2015
https://t.co/DruxqEitlO,LINK,0,1132,130,781,Follow Amazon and retweet for a chance to win http://t.co/roPph393AW #AmazonSweeps Rules https://t.co/DruxqEitlO http://t.co/9J8NjPaACr,1132,130,781,Amazon,2/2/2015
http://t.co/roPph393AW,LINK,0,1132,130,781,Follow Amazon and retweet for a chance to win http://t.co/roPph393AW #AmazonSweeps Rules https://t.co/DruxqEitlO http://t.co/9J8NjPaACr,1132,130,781,Amazon,9/6/2015
@amazonappstore,USERNAME,3.99E-09,772,802,776,Enter for a chance to win $25000 in Amazon Gift Cards from amazonappstore! http://t.co/p70Y4VX8ue NoPurchNec http://t.co/nEOntK2xTn,107,122,112,Amazon,9/5/2015
@Amazon_Studios,USERNAME,0.006544919,694,922,770,RT Amazon_Studios: Congratulations to #Transparent from the entire Amazon Studios team! #GoldenGlobes http://t.co/ZGk3N5mB5P,199,318,240,Amazon,9/6/2015
#ThrowbackThursday,HASHTAG,9.30E-06,632,1025,765,Before apps social media and phone games there was this. #ThrowbackThursday http://t.co/hpUzZ9e8aD http://t.co/PNK5afKjD1,153,176,161,Amazon,31/03/2015
@amazongiveaway,USERNAME,0,675,939,761,RT amazongiveaway: We have millions of prizes. #PickAGoodOne http://t.co/mSZTaYX0zH http://t.co/u79W9n6XBm,238,412,298,Amazon,28/05/2015
http://t.co/brHbUzuAB3,LINK,0,1098,131,759,Follow amazon and retweet for a chance to win http://t.co/brHbUzuAB3 Rules http://t.co/EAchj7bkMn #AmazonSweeps http://t.co/OxA2Xdhx9Z,1098,131,759,Amazon,19/01/2015
http://t.co/OxA2Xdhx9Z,LINK,0,1098,131,759,Follow amazon and retweet for a chance to win http://t.co/brHbUzuAB3 Rules http://t.co/EAchj7bkMn #AmazonSweeps http://t.co/OxA2Xdhx9Z,1098,131,759,Amazon,15/04/2015
http://t.co/VZsGcAWEpb,LINK,0,1098,132,759,RT for a chance to win from Rem4Men http://t.co/VZsGcAWEpb NoPurchNec #AmazonGiveaway Rules: https://t.co/fOgS3DlGqk http://t.co/G7qGlD0z3W,1098,132,759,Amazon,27/01/2015
https://t.co/fOgS3DlGqk,LINK,0,1098,132,759,RT for a chance to win from Rem4Men http://t.co/VZsGcAWEpb NoPurchNec #AmazonGiveaway Rules: https://t.co/fOgS3DlGqk http://t.co/G7qGlD0z3W,1098,132,759,Amazon,23/02/2015
http://t.co/G7qGlD0z3W,LINK,0,1098,132,759,RT for a chance to win from Rem4Men http://t.co/VZsGcAWEpb NoPurchNec #AmazonGiveaway Rules: https://t.co/fOgS3DlGqk http://t.co/G7qGlD0z3W,1098,132,759,Amazon,19/03/2015
http://t.co/7OKRYpz8Fs,LINK,0,1082,139,751,Follow amazon and retweet for a chance to win http://t.co/7OKRYpz8Fs Rules http://t.co/OurBZonokE #AmazonSweeps http://t.co/QHJJNqkcWz,1082,139,751,Amazon,17/04/2015
http://t.co/OurBZonokE,LINK,0,1082,139,751,Follow amazon and retweet for a chance to win http://t.co/7OKRYpz8Fs Rules http://t.co/OurBZonokE #AmazonSweeps http://t.co/QHJJNqkcWz,1082,139,751,Amazon,27/03/2015
http://t.co/QHJJNqkcWz,LINK,0,1082,139,751,Follow amazon and retweet for a chance to win http://t.co/7OKRYpz8Fs Rules http://t.co/OurBZonokE #AmazonSweeps http://t.co/QHJJNqkcWz,1082,139,751,Amazon,17/06/2015
@Reverend_Scott,USERNAME,0,454,1290,745,"RT Reverend_Scott: ""Honey u need to go out and try to find work.""SO WRITING REVIEWS OF WOLF TSHIRTS I GOT ON AMAZON ISN'T WORK MOM? TH�",449,1188,707,Amazon,28/03/2015
http://t.co/flrZJUBWeB,LINK,0,1075,108,736,Follow amazon and retweet for a chance to win http://t.co/xiBLj6JRn7 Rules http://t.co/EAchj6TJnN #AmazonSweeps http://t.co/flrZJUBWeB,1075,108,736,Amazon,22/02/2015
http://t.co/xiBLj6JRn7,LINK,0,1075,108,736,Follow amazon and retweet for a chance to win http://t.co/xiBLj6JRn7 Rules http://t.co/EAchj6TJnN #AmazonSweeps http://t.co/flrZJUBWeB,1075,108,736,Amazon,31/03/2015
#DashButton,HASHTAG,0,784,607,720,Introducing Amazon Dash Button. Press it to get it. http://t.co/oMGn2m0gLO #DashButton http://t.co/6lxIccZPzJ,464,315,411,Amazon,24/04/2015
http://t.co/oMGn2m0gLO,LINK,0,784,607,720,Introducing Amazon Dash Button. Press it to get it. http://t.co/oMGn2m0gLO #DashButton http://t.co/6lxIccZPzJ,464,315,411,Amazon,1/6/2015
HemingWeigh Yoga Mat,OTHER,0.220775872,1029,122,711,RT Amazon3PSellers: Follow + RT for a chance to win a HemingWeigh Yoga Mathttp://t.co/eNdCN8iXpkhttp://t.co/srwC3LP7KE#AmazonSweeps htt�,1029,122,711,Amazon,1/4/2015
http://t.co/eNdCN8iXpk,LINK,0,1029,122,711,RT Amazon3PSellers: Follow + RT for a chance to win a HemingWeigh Yoga Mathttp://t.co/eNdCN8iXpkhttp://t.co/srwC3LP7KE#AmazonSweeps htt�,1029,122,711,Amazon,1/3/2015
http://t.co/srwC3LP7KE,LINK,0,1029,122,711,RT Amazon3PSellers: Follow + RT for a chance to win a HemingWeigh Yoga Mathttp://t.co/eNdCN8iXpkhttp://t.co/srwC3LP7KE#AmazonSweeps htt�,1029,122,711,Amazon,6/12/2014
http://t.co/L5jJbtf43L,LINK,0,1027,119,709,Follow amazon and retweet for a chance to win http://t.co/auUrFtW3oV Rules http://t.co/EAchj7bkMn #AmazonSweeps http://t.co/L5jJbtf43L,1027,119,709,Amazon,18/03/2015
http://t.co/auUrFtW3oV,LINK,0,1027,119,709,Follow amazon and retweet for a chance to win http://t.co/auUrFtW3oV Rules http://t.co/EAchj7bkMn #AmazonSweeps http://t.co/L5jJbtf43L,1027,119,709,Amazon,23/06/2015
"""Honey u need to go out and try to find work.""",OTHER,0,449,1188,707,"RT Reverend_Scott: ""Honey u need to go out and try to find work.""SO WRITING REVIEWS OF WOLF TSHIRTS I GOT ON AMAZON ISN'T WORK MOM? TH�",449,1188,707,Amazon,4/12/2014
Honey,OTHER,0,449,1188,707,"RT Reverend_Scott: ""Honey u need to go out and try to find work.""SO WRITING REVIEWS OF WOLF TSHIRTS I GOT ON AMAZON ISN'T WORK MOM? TH�",449,1188,707,Amazon,31/03/2015
http://t.co/9YIEOHSKV6,LINK,0,997,143,698,Twix is in it for the win! RT for a chance to win this #CandyBracket #AmazonSweeps Rules: https://t.co/roi2BWGHav http://t.co/9YIEOHSKV6,997,143,698,Amazon,11/4/2015
https://t.co/roi2BWGHav,LINK,0,997,143,698,Twix is in it for the win! RT for a chance to win this #CandyBracket #AmazonSweeps Rules: https://t.co/roi2BWGHav http://t.co/9YIEOHSKV6,997,143,698,Amazon,20/04/2015
@mmschocolate,USERNAME,0,592,886,694,Who will prevail in the #CandyBracket championship? Retweet for mmschocolate Favorite for Twix http://t.co/9r5KpmopIP,202,331,247,Amazon,7/4/2015
Save,OTHER,0.018791561,576,908,683,Save our fulfillment center and enter for a chance to win this raptor https://t.co/RZCiJ8cr9c NoPurchNec. Ends 6/14 http://t.co/3l313ztFNW,123,242,164,Amazon,15/05/2015
Zerolemon Lightning,OTHER,0.662327647,985,110,678,RT Amazon3PSellers: RT / Follow for a chance to win a Zerolemon Lightning Cable! NoPurchNec #AmazonGiveaway Rules: http://t.co/0AP5VEuFCk �,985,110,678,Amazon,6/4/2015
http://t.co/0AP5VEuFCk,LINK,0,985,110,678,RT Amazon3PSellers: RT / Follow for a chance to win a Zerolemon Lightning Cable! NoPurchNec #AmazonGiveaway Rules: http://t.co/0AP5VEuFCk �,985,110,678,Amazon,18/12/2014
missed,OTHER,-0.293333332,580,861,677,In case you missed it a velociraptor is running wild in one of our fulfillment centers and we need your help... http://t.co/8KxVwjVDJb,326,602,422,Amazon,23/03/2015
http://t.co/3O1a2WNTTC,LINK,0,982,109,676,RT for a chance to win from Rem4Men http://t.co/3O1a2WNTTC NoPurchNec #AmazonGiveaway Rules: https://t.co/sFDxVarIIl,982,109,676,Amazon,28/03/2015
#MarchMadness,HASHTAG,-0.084555762,334,1322,674,RT amazonfire: Our tablets won't bust even if your bracket does. Fire HD�the official tablet of #MarchMadnesshttps://t.co/X2sqqzS9z6,64,320,153,Amazon,28/11/2014
best,OTHER,0.035234875,499,1024,674,RT amazongames: Check out our picks for the best games of 2014. http://t.co/SWO0Nt2Ev4 http://t.co/o2J51MDxe0,74,92,80,Amazon,9/12/2014
http://t.co/iGKhQRm43K,LINK,0,923,186,665,Retweet if this prize sounds sweet! Enter at this link for a chance to win: http://t.co/iGKhQRm43K NoPurchNec http://t.co/d87IpsWmVr,923,186,665,Amazon,6/5/2015
http://t.co/d87IpsWmVr,LINK,0,923,186,665,Retweet if this prize sounds sweet! Enter at this link for a chance to win: http://t.co/iGKhQRm43K NoPurchNec http://t.co/d87IpsWmVr,923,186,665,Amazon,31/03/2015
officially open,OTHER,0.987412512,556,860,662,RT MountainDew: The Mtn Dew Amazon store is officially open for business! Check it out. https://t.co/htqQiiqm7e,278,430,331,Amazon,4/12/2014
Winner,OTHER,0.204166671,569,827,657,#CandyBracket battle of the bars: SNICKERS VS Twix. RT to vote Snickers Fav to vote Twix. Winner goes to the semis. http://t.co/YjNIt6Yhrf,265,358,297,Amazon,12/2/2015
@IMDb,USERNAME,0,536,881,653,RT IMDb: Watch an exclusive featurette for #TheWaterDiviner w/ a special intro from .russellcrowe http://t.co/DK9Bfa9VO1 http://t.co/zEJC�,96,144,112,Amazon,19/06/2015
#PrimeNow,HASHTAG,8.14E-07,615,734,650,Dallas #PrimeNow has arrived! FREE 2-hour delivery ($7.99 1-hour delivery) exclusively for Prime members http://t.co/c6wiWeQLNb,79,63,73,Amazon,15/04/2015
#Amazon,HASHTAG,5.92E-08,456,1015,647,RT LeeAnnWard1115: amazon So this just happened...yes I made a cake shaped like an Amazon box! Very special delivery! #Amazon #cakelove h�,207,540,323,Amazon,4/5/2015
Favorite,OTHER,0.25000001,292,1249,625,Who will prevail in the #CandyBracket championship? Favorite for mmschocolate Retweet for Twix http://t.co/hEdgzg6cSB,228,240,232,Amazon,3/2/2015
http://t.co/oHz8PNAqBE,LINK,0,700,468,618,Take a nap anytime�anywhere! http://t.co/oHz8PNAqBE http://t.co/MV4Gnzss15,700,468,618,Amazon,28/03/2015
http://t.co/MV4Gnzss15,LINK,0,700,468,618,Take a nap anytime�anywhere! http://t.co/oHz8PNAqBE http://t.co/MV4Gnzss15,700,468,618,Amazon,12/1/2015
http://t.co/ocioqJqPVu,LINK,0,831,197,609,Retweet if this prize sounds sweet! Enter at this link for a chance to win --&gt; http://t.co/ocioqJqPVu NoPurchNec http://t.co/JZDb0nBrQo,831,197,609,Amazon,22/06/2015
http://t.co/JZDb0nBrQo,LINK,0,831,197,609,Retweet if this prize sounds sweet! Enter at this link for a chance to win --&gt; http://t.co/ocioqJqPVu NoPurchNec http://t.co/JZDb0nBrQo,831,197,609,Amazon,22/03/2015
http://t.co/X3WdeN2QqS,LINK,0,873,108,605,Follow amazon and retweet for a chance to win http://t.co/BMhqGEr7dk Rules http://t.co/leojND6tGx #AmazonSweeps http://t.co/X3WdeN2QqS,873,108,605,Amazon,4/6/2015
https://t.co/Ji0ALS8RVV,LINK,0,854,144,605,RT Amazon3PSellers: RT/Follow for a chance to win a HemingWeigh Yoga Mat Bag! NoPurchNec #AmazonGiveaway Rules: https://t.co/Ji0ALS8RVV ht�,854,144,605,Amazon,21/04/2015
HemingWeigh Yoga,OTHER,0.662327647,854,144,605,RT Amazon3PSellers: RT/Follow for a chance to win a HemingWeigh Yoga Mat Bag! NoPurchNec #AmazonGiveaway Rules: https://t.co/Ji0ALS8RVV ht�,854,144,605,Amazon,28/11/2014
http://t.co/leojND6tGx,LINK,0,873,108,605,Follow amazon and retweet for a chance to win http://t.co/BMhqGEr7dk Rules http://t.co/leojND6tGx #AmazonSweeps http://t.co/X3WdeN2QqS,873,108,605,Amazon,7/4/2015
http://t.co/BMhqGEr7dk,LINK,0,873,108,605,Follow amazon and retweet for a chance to win http://t.co/BMhqGEr7dk Rules http://t.co/leojND6tGx #AmazonSweeps http://t.co/X3WdeN2QqS,873,108,605,Amazon,11/5/2015
gift idea,OTHER,0.003596856,621,570,599,Enter for a chance to win this Father's Day gift idea Giveaway https://t.co/Svti5hR2gm NoPurchNec #AmazonGiveaway http://t.co/IYfuq8S0Nd,130,124,127,Amazon,9/6/2015
milkyway advances,OTHER,0.073591955,853,116,595,.milkyway advances in the #CandyBracket! Celebrate &amp; RT for a chance to win #AmazonSweeps https://t.co/gkxUs03nrK http://t.co/WszDE1HxKx,853,116,595,Amazon,9/2/2015
https://t.co/gkxUs03nrK,LINK,0,853,116,595,.milkyway advances in the #CandyBracket! Celebrate &amp; RT for a chance to win #AmazonSweeps https://t.co/gkxUs03nrK http://t.co/WszDE1HxKx,853,116,595,Amazon,17/04/2015
http://t.co/WszDE1HxKx,LINK,0,853,116,595,.milkyway advances in the #CandyBracket! Celebrate &amp; RT for a chance to win #AmazonSweeps https://t.co/gkxUs03nrK http://t.co/WszDE1HxKx,853,116,595,Amazon,20/02/2015
Fav,OTHER,-0.414666712,516,723,587,#CandyBracket battle of the bars: SNICKERS VS Twix. RT to vote Snickers Fav to vote Twix. Winner goes to the semis. http://t.co/YjNIt6Yhrf,265,358,297,Amazon,25/02/2015
better,OTHER,-0.379000043,566,625,584,RT amazongames: Trade in your PS3 or Xbox 360 and get up to $220 toward a PS4. There's never been a better time to upgrade! http://t.co/uI�,367,461,399,Amazon,11/3/2015
@amazonfire,USERNAME,5.74E-12,386,969,582,RT amazonfire: Our tablets won't bust even if your bracket does. Fire HD�the official tablet of #MarchMadnesshttps://t.co/X2sqqzS9z6,64,320,153,Amazon,28/03/2015
@theqflex,USERNAME,0.220775872,800,142,569,RT Amazon3PSellers: RT + Follow for a chance to win a theqflex Acupressure Tool NoPurchNec #AmazonSweeps Rules: http://t.co/wjOakgrBXj ht�,800,142,569,Amazon,4/2/2015
http://t.co/wjOakgrBXj,LINK,0,800,142,569,RT Amazon3PSellers: RT + Follow for a chance to win a theqflex Acupressure Tool NoPurchNec #AmazonSweeps Rules: http://t.co/wjOakgrBXj ht�,800,142,569,Amazon,25/03/2015
Acupressure Tool,OTHER,0.220775872,800,142,569,RT Amazon3PSellers: RT + Follow for a chance to win a theqflex Acupressure Tool NoPurchNec #AmazonSweeps Rules: http://t.co/wjOakgrBXj ht�,800,142,569,Amazon,12/5/2015
#WorldBookDay,HASHTAG,0.05,546,617,567,Happy #WorldBookDay!! http://t.co/AYE8sQAIJ4,269,292,277,Amazon,5/3/2015
http://t.co/d5MD9jzP8q,LINK,0,822,91,566,Follow amazon and retweet for a chance to win http://t.co/d5MD9jzP8q Rules http://t.co/otoRsxOQnK  #AmazonSweeps http://t.co/IfyD2EExCs,822,91,566,Amazon,26/03/2015
http://t.co/otoRsxOQnK,LINK,0,822,91,566,Follow amazon and retweet for a chance to win http://t.co/d5MD9jzP8q Rules http://t.co/otoRsxOQnK  #AmazonSweeps http://t.co/IfyD2EExCs,822,91,566,Amazon,13/05/2015
http://t.co/IfyD2EExCs,LINK,0,822,91,566,Follow amazon and retweet for a chance to win http://t.co/d5MD9jzP8q Rules http://t.co/otoRsxOQnK  #AmazonSweeps http://t.co/IfyD2EExCs,822,91,566,Amazon,7/4/2015
@jeffreytambor,USERNAME,0.040833334,511,642,556,RT transparent_tv: This one's for you jeffreytambor #GoldenGlobes #WINNER http://t.co/AjIG36uuhY,262,301,275,Amazon,4/6/2015
Xbox 360,OTHER,0.136319439,515,631,553,RT amazongames: Trade in your PS3 or Xbox 360 and get up to $220 toward a PS4. There's never been a better time to upgrade! http://t.co/uI�,367,461,399,Amazon,22/06/2015
#WINNER,HASHTAG,0.367500008,524,602,550,RT transparent_tv: This one's for you jeffreytambor #GoldenGlobes #WINNER http://t.co/AjIG36uuhY,262,301,275,Amazon,15/06/2015
upgrade,OTHER,0.600000024,484,635,535,RT amazongames: Trade in your PS3 or Xbox 360 and get up to $220 toward a PS4. There's never been a better time to upgrade! http://t.co/uI�,367,461,399,Amazon,28/05/2015
@TowerPB,USERNAME,0.227070789,674,264,530,RT Amazon3PSellers: Follow &amp; Connect to enter for a chance to win a TowerPB Inflatable SUP Package - http://t.co/omqYz9qgrMNoPurchNec ht�,296,108,230,Amazon,17/06/2015
http://t.co/4oRNFtrqGn,LINK,0,747,119,527,RT for a chance to win this GreenPaxx prize pack http://t.co/4oRNFtrqGn Rules https://t.co/m8jxuWB2Ll #AmazonSweeps http://t.co/KATIVkPjnK,747,119,527,Amazon,19/06/2015
http://t.co/KATIVkPjnK,LINK,0,747,119,527,RT for a chance to win this GreenPaxx prize pack http://t.co/4oRNFtrqGn Rules https://t.co/m8jxuWB2Ll #AmazonSweeps http://t.co/KATIVkPjnK,747,119,527,Amazon,12/5/2015
#4BestWordsEver,HASHTAG,0,438,663,516,Your package was delivered #4BestWordsEver,438,663,516,Amazon,9/4/2015
@OrphanBlack,USERNAME,0,490,531,503,RT AmazonVideo: #JoinCloneClub Fri 4/17!  Season 1 of OrphanBlack will be free to everyone on Amazon: http://t.co/fDBRwVn302 http://t.co/�,252,242,248,Amazon,22/03/2015
PS3,OTHER,0,458,583,500,RT amazongames: Trade in your PS3 or Xbox 360 and get up to $220 toward a PS4. There's never been a better time to upgrade! http://t.co/uI�,367,461,399,Amazon,4/5/2015
never been,OTHER,-1.380638003,458,583,500,RT amazongames: Trade in your PS3 or Xbox 360 and get up to $220 toward a PS4. There's never been a better time to upgrade! http://t.co/uI�,367,461,399,Amazon,28/05/2015
exclusive,OTHER,0.333333338,391,699,497,RT StellaArtois: This exclusive Chalice will give a woman clean water for 5 years. Reply #AmazonCart to help. http://t.co/DCn1EY7S4d https�,214,392,276,Amazon,14/03/2015
Prime members,OTHER,0.031800568,492,516,497,Dallas #PrimeNow has arrived! FREE 2-hour delivery ($7.99 1-hour delivery) exclusively for Prime members http://t.co/c6wiWeQLNb,79,63,73,Amazon,2/4/2015
exclusively,OTHER,0.110410716,487,523,496,RT amazonmusic: Our gift to you: Over 40 holiday songs streaming exclusively on Prime Music - Listen now! http://t.co/LBMKGsaNoP http://t.�,122,162,136,Amazon,1/4/2015
@catastrophe_tv,USERNAME,-0.008166667,231,983,493,RT catastrophe_tv: #CatastropheTV is here! Stream all episodes only on #AmazonPrime: http://t.co/N8hajnb6o7https://t.co/tCZsFkoNqd,164,767,375,Amazon,1/4/2015
#TacoTuesday,HASHTAG,0.012265326,447,581,492,Get your very own taco truck for #TacoTuesday http://t.co/n62mQDTMz1 http://t.co/hqTGUF7IEg,147,210,169,Amazon,19/06/2015
https://t.co/wRW4VCgVha,LINK,0,698,87,484,RT for a chance to win from Rem4Men https://t.co/wRW4VCgVha NoPurchNec #AmazonGiveaway Rules https://t.co/DdTHpMZwOl http://t.co/1PjJeqhpVq,698,87,484,Amazon,4/5/2015
http://t.co/1PjJeqhpVq,LINK,0,698,87,484,RT for a chance to win from Rem4Men https://t.co/wRW4VCgVha NoPurchNec #AmazonGiveaway Rules https://t.co/DdTHpMZwOl http://t.co/1PjJeqhpVq,698,87,484,Amazon,25/03/2015
http://t.co/EHCZvRvXSB,LINK,0,522,406,481,RT AmazonKindle: Celebrate National Reading Month with $20 off Kindle: http://t.co/EHCZvRvXSB  Limited-time only. http://t.co/0wUOb9YqgG,486,372,446,Amazon,24/04/2015
@AmazonFireTV,USERNAME,0,453,526,476,RT AmazonFireTV: We're giving away an Amazon Fire TV a Fire HD tablet and a gift cert. Follow us for updates on our giveaway happening 2/�,175,235,196,Amazon,5/12/2014
http://t.co/29EW9w2GfW,LINK,0,640,145,466,RT if this prize sounds sweet!Enter at this link for a chance to win --&gt; http://t.co/29EW9w2GfW NoPurchNec http://t.co/c1cNJqxMP2,640,145,466,Amazon,4/6/2015
http://t.co/c1cNJqxMP2,LINK,0,640,145,466,RT if this prize sounds sweet!Enter at this link for a chance to win --&gt; http://t.co/29EW9w2GfW NoPurchNec http://t.co/c1cNJqxMP2,640,145,466,Amazon,18/06/2015
#NationalPuppyDay,HASHTAG,0.003286399,406,571,461,A ball worth grinning for http://t.co/QI75ijYITb #NationalPuppyDay http://t.co/Mo6ywv9sGK,135,189,153,Amazon,4/12/2014
http://t.co/omqYz9qgrM,LINK,0,595,210,460,RT Amazon3PSellers: Follow &amp; Connect to enter for a chance to win a TowerPB Inflatable SUP Package - http://t.co/omqYz9qgrMNoPurchNec ht�,296,108,230,Amazon,19/06/2015
#JoinCloneClub,HASHTAG,0,441,494,458,RT AmazonVideo: #JoinCloneClub Fri 4/17!  Season 1 of OrphanBlack will be free to everyone on Amazon: http://t.co/fDBRwVn302 http://t.co/�,252,242,248,Amazon,15/01/2015
#TBT,HASHTAG,0,354,654,456,#TBT to 1997 when Jeff Bezos flew to Japan to deliver a package to Amazon's millionth customer. #AmazonPrime10 http://t.co/LAK1naGCfI,115,158,130,Amazon,29/05/2015
perfect,OTHER,0.075493334,361,641,454,The perfect product to celebrate both #BikeToWorkDay2015 and #PizzaPartyDay at the same time http://t.co/AHBoWQxHN6 http://t.co/dMVNXl1Bed,86,148,107,Amazon,1/4/2015
http://t.co/0wUOb9YqgG,LINK,0,486,372,446,RT AmazonKindle: Celebrate National Reading Month with $20 off Kindle: http://t.co/EHCZvRvXSB  Limited-time only. http://t.co/0wUOb9YqgG,486,372,446,Amazon,7/4/2015
@amazonmusic,USERNAME,1.25E-06,367,593,440,RT amazonmusic: Our gift to you: Over 40 holiday songs streaming exclusively on Prime Music - Listen now! http://t.co/LBMKGsaNoP http://t.�,122,162,136,Amazon,18/06/2015
#FreeAppoftheDay,HASHTAG,0,457,394,431,RT amazonappstore: Start the holiday weekend off right with over $130 in apps and games free today through Saturday!#FreeAppoftheDayhttp�,93,70,84,Amazon,20/02/2015
@xeni,USERNAME,0,361,548,426,RT xeni: When the delivery guy drops off a box of stuff you ordered on Amazon but you can't remember what you bought: Amazonesia,361,548,426,Amazon,26/03/2015
delivery guy,OTHER,0,361,548,426,RT xeni: When the delivery guy drops off a box of stuff you ordered on Amazon but you can't remember what you bought: Amazonesia,361,548,426,Amazon,5/3/2015
http://t.co/8KxVwjVDJb,LINK,0,326,602,422,In case you missed it a velociraptor is running wild in one of our fulfillment centers and we need your help... http://t.co/8KxVwjVDJb,326,602,422,Amazon,4/5/2015
love,OTHER,0.109744969,276,703,420,RT hey_khay: Nerd Alert: I love the beginning of a new month because that means another free Kindle Book through my Amazon Prime membershi�,41,168,85,Amazon,17/06/2015
http://t.co/LQhgkWcGZJ,LINK,0,429,387,414,Crystal Ballpoint Pen� #AmazonReviews http://t.co/LQhgkWcGZJ,429,387,414,Amazon,2/4/2015
taco truck,OTHER,0.049061303,372,493,413,Get your very own taco truck for #TacoTuesday http://t.co/n62mQDTMz1 http://t.co/hqTGUF7IEg,147,210,169,Amazon,31/03/2015
http://t.co/6lxIccZPzJ,LINK,0,464,315,411,Introducing Amazon Dash Button. Press it to get it. http://t.co/oMGn2m0gLO #DashButton http://t.co/6lxIccZPzJ,464,315,411,Amazon,23/04/2015
@BoschAmazon,USERNAME,0.010839834,377,476,410,RT BoschAmazon: It's official - Connellybooks Detective Harry Bosch will be returning for duty for Season 2 only on AmazonVideo http://t�,196,277,224,Amazon,18/06/2015
@Avengers,USERNAME,0,288,632,408,RT Avengers: Get your #Avengers fix thanks to AmazonVideo! Watch: http://t.co/Go02nI4ABM,243,583,362,Amazon,24/01/2015
#AmazonPrime10,HASHTAG,0.017977834,333,547,406,Happy 10th Birthday Amazon Prime! http://t.co/id4fwDAy1H #AmazonPrime10 http://t.co/R5106xj7XN,122,220,156,Amazon,1/6/2015
@jillsoloway,USERNAME,0,321,560,404,RT transparent_tv: And the winner is...#Transparent #GoldenGlobes #Moppa jillsoloway,232,428,300,Amazon,5/1/2015
#kindle,HASHTAG,0.007345238,318,562,400,RT AmazonKindle: What places are on your travel bucket list? http://t.co/UuOFFqBjDI #haveKINDLEwillTRAVEL #kindle http://t.co/fn6VLabRqR,48,211,105,Amazon,16/03/2015
now available,OTHER,0.047122273,352,485,395,RT AmazonVideo: THIS JUST IN: The Prime Instant Video app is now available for #Android tablets! Download now: http://t.co/oNAJro8meW http�,67,80,71,Amazon,19/06/2015
special delivery,OTHER,0,277,613,394,RT LeeAnnWard1115: amazon So this just happened...yes I made a cake shaped like an Amazon box! Very special delivery! #Amazon #cakelove h�,207,540,323,Amazon,15/06/2015
@5gum,USERNAME,0,64,1009,393,Which side are you on in the #CandyBracket? Favorite to vote for Twix Reply to vote for 5gum http://t.co/EzuuPjLeBy,19,358,137,Amazon,28/03/2015
Twix,OTHER,0,64,1009,393,Which side are you on in the #CandyBracket? Favorite to vote for Twix Reply to vote for 5gum http://t.co/EzuuPjLeBy,19,358,137,Amazon,15/04/2015
Reply,OTHER,0,64,1009,393,Which side are you on in the #CandyBracket? Favorite to vote for Twix Reply to vote for 5gum http://t.co/EzuuPjLeBy,19,358,137,Amazon,29/12/2014
#AmazonSmile,HASHTAG,0.204166671,358,460,392,RT NOH8Campaign: Shopping online? Amazon donates .5% of your purchase price to #NOH8 if you use #AmazonSmile: http://t.co/Rlumceiaoc http�,134,118,128,Amazon,28/11/2014
http://t.co/a44d46q6RP,LINK,0,278,596,389,A raptor is on the loose in one of our fulfillment centers.... http://t.co/a44d46q6RP,278,596,389,Amazon,2/6/2015
#AmazonCart,HASHTAG,0,305,542,385,RT StellaArtois: This exclusive Chalice will give a woman clean water for 5 years. Reply #AmazonCart to help. http://t.co/DCn1EY7S4d https�,214,392,276,Amazon,13/02/2015
@MilkyWay,USERNAME,0,455,250,383,Today's #CandyBracket matchup: ExtraGum VS MilkyWay. FAV to vote for Extra Gum RT to vote Milky Way http://t.co/2tmzzW8UvW,312,175,264,Amazon,25/02/2015
RT,OTHER,0,455,250,383,Today's #CandyBracket matchup: ExtraGum VS MilkyWay. FAV to vote for Extra Gum RT to vote Milky Way http://t.co/2tmzzW8UvW,312,175,264,Amazon,11/5/2015
@ExtraGum,USERNAME,0,455,250,383,Today's #CandyBracket matchup: ExtraGum VS MilkyWay. FAV to vote for Extra Gum RT to vote Milky Way http://t.co/2tmzzW8UvW,312,175,264,Amazon,17/06/2015
Extra Gum,OTHER,0,455,250,383,Today's #CandyBracket matchup: ExtraGum VS MilkyWay. FAV to vote for Extra Gum RT to vote Milky Way http://t.co/2tmzzW8UvW,312,175,264,Amazon,23/02/2015
enjoy,OTHER,0.038950779,301,532,376,Prime members can enjoy TWO pre-release books for free on Kindle First through January 31st http://t.co/6xcMOOYw3z,61,90,71,Amazon,20/02/2015
http://t.co/N8hajnb6o7,LINK,0,164,767,375,RT catastrophe_tv: #CatastropheTV is here! Stream all episodes only on #AmazonPrime: http://t.co/N8hajnb6o7https://t.co/tCZsFkoNqd,164,767,375,Amazon,20/04/2015
https://t.co/tCZsFkoNqd,LINK,0,164,767,375,RT catastrophe_tv: #CatastropheTV is here! Stream all episodes only on #AmazonPrime: http://t.co/N8hajnb6o7https://t.co/tCZsFkoNqd,164,767,375,Amazon,12/1/2015
@juicyfruit,USERNAME,0.600000024,467,206,374,Advance your favorite treat in the #CandyBracket tournament! Retweet for SNICKERS favorite for juicyfruit http://t.co/xlS6K1c9Z1,255,117,206,Amazon,4/5/2015
favorite treat,OTHER,0.600000024,467,206,374,Advance your favorite treat in the #CandyBracket tournament! Retweet for SNICKERS favorite for juicyfruit http://t.co/xlS6K1c9Z1,255,117,206,Amazon,10/5/2015
#NationalReadingMonth,HASHTAG,5.52E-04,351,421,374,RT AmazonKindle: Expand their imagination. Share your favorite childhood books: http://t.co/FJL92aHdrC #NationalReadingMonth http://t.co/c�,140,164,148,Amazon,10/3/2015
#NationalDrinkWineDay,HASHTAG,0.5,419,268,366,Happy #NationalDrinkWineDay! What color is in your glass? http://t.co/RuyQX8MEBX,419,268,366,Amazon,24/06/2015
http://t.co/RuyQX8MEBX,LINK,0,419,268,366,Happy #NationalDrinkWineDay! What color is in your glass? http://t.co/RuyQX8MEBX,419,268,366,Amazon,24/02/2015
